batsman,total_runs,balls_faced,strike_rate,fours,sixes,player_type,bowler,balls_bowled,runs_conceded,wickets,economy,allrounder_score
S Dhawan,3561,2922,121.8686,401,71,Anchor,S Dhawan,48,72,49,9.0,39.96874864829793
MC Henriques,969,756,128.1746,87,27,Anchor,MC Henriques,891,1255,918,8.4512,26.00934075780059
Yuvraj Singh,2591,1974,131.2563,205,141,Anchor,Yuvraj Singh,858,1068,869,7.4685,43.021682698772665
DJ Hooda,373,268,139.1791,20,20,Anchor,DJ Hooda,193,270,201,8.3938,7.4630321439532175
BCJ Cutting,124,66,187.8788,9,10,Aggressive,BCJ Cutting,167,234,171,8.4072,4.223725045189147
CH Gayle,3651,2409,151.5567,297,266,Aggressive,CH Gayle,552,750,579,8.1522,49.824035977122804
TM Head,205,148,138.5135,12,8,Anchor,TM Head,48,81,48,10.125,3.056682035243268
SR Watson,2628,1895,138.6807,258,122,Anchor,SR Watson,1874,2490,1961,7.9723,61.69543382905305
Sachin Baby,137,101,135.6436,11,5,Anchor,Sachin Baby,10,8,10,4.8,1.673436579095499
STR Binny,766,604,126.8212,59,29,Anchor,STR Binny,540,686,554,7.6222,17.688597563684844
S Aravind,59,57,103.5088,7,0,Anchor,S Aravind,761,1057,788,8.3338,13.830302872479066
YS Chahal,15,28,53.5714,0,0,Anchor,YS Chahal,1194,1600,1219,8.0402,20.556342914344683
TS Mills,8,11,72.7273,0,1,Anchor,TS Mills,107,157,111,8.8037,1.944759044670682
A Choudhary,25,20,125.0,1,1,Anchor,A Choudhary,102,144,108,8.4706,2.081470375251619
RG Sharma,4207,3214,130.8961,354,173,Anchor,RG Sharma,332,449,342,8.1145,51.97207629970107
N Rana,437,339,128.9086,31,25,Anchor,N Rana,6,3,6,3.0,4.904677602690369
KH Pandya,480,303,158.4158,46,20,Aggressive,KH Pandya,428,518,440,7.2617,12.637366032532654
KA Pollard,2354,1602,146.9413,158,148,Aggressive,KA Pollard,1206,1785,1276,8.8806,47.22443889100257
HH Pandya,406,285,142.4561,24,28,Aggressive,HH Pandya,359,552,375,9.2256,10.736501443433898
TG Southee,54,35,154.2857,3,3,Aggressive,TG Southee,662,930,691,8.429,12.152717395622119
AM Rahane,3057,2535,120.5917,320,60,Anchor,AM Rahane,6,5,6,5.0,33.708547435583945
SPD Smith,1713,1298,131.9723,151,45,Anchor,SPD Smith,2,5,2,15.0,18.86590983121048
BA Stokes,316,221,142.9864,22,15,Aggressive,BA Stokes,264,327,274,7.4318,8.05752726281914
SK Raina,4548,3267,139.2103,402,174,Anchor,SK Raina,902,1133,924,7.5366,65.45667447306792
AJ Finch,1604,1233,130.0892,170,59,Anchor,AJ Finch,43,67,44,9.3488,18.370157007826702
MK Tiwary,1648,1405,117.2954,152,39,Anchor,MK Tiwary,36,73,38,12.1667,18.75351810346527
DT Christian,420,341,123.1672,22,18,Anchor,DT Christian,715,956,747,8.0224,17.113232247351988
AR Patel,606,473,128.1184,34,28,Anchor,AR Patel,1251,1584,1280,7.5971,28.074112555182545
GJ Maxwell,1229,748,164.3048,96,82,Aggressive,GJ Maxwell,324,483,334,8.9444,19.09858649113004
Iqbal Abdulla,88,84,104.7619,9,1,Anchor,Iqbal Abdulla,920,1125,943,7.337,16.741964747315944
P Negi,353,272,129.7794,26,16,Anchor,P Negi,625,802,639,7.6992,14.570020447298258
CH Morris,439,265,165.6604,33,23,Aggressive,CH Morris,1011,1307,1042,7.7567,22.25687606241943
CR Brathwaite,95,53,179.2453,8,8,Aggressive,CR Brathwaite,178,259,181,8.7303,4.072183611971541
PJ Cummins,77,55,140.0,5,4,Anchor,PJ Cummins,362,525,379,8.7017,7.186438959856619
A Mishra,340,363,93.6639,27,5,Anchor,A Mishra,2659,3305,2703,7.4577,48.953698006734164
S Nadeem,26,70,37.1429,1,0,Anchor,S Nadeem,1116,1332,1137,7.1613,19.305578972797647
Z Khan,117,141,82.9787,11,2,Anchor,Z Khan,2202,2860,2276,7.7929,39.35921377504676
DR Smith,2385,1764,135.2041,245,117,Anchor,DR Smith,543,825,557,9.116,35.537814113490896
DS Kulkarni,90,96,93.75,6,2,Anchor,DS Kulkarni,1422,1918,1485,8.0928,25.830529884863672
P Kumar,340,314,108.2803,22,17,Anchor,P Kumar,2525,3342,2637,7.9414,47.849649830086456
Basil Thampi,28,28,100.0,1,1,Anchor,Basil Thampi,268,428,278,9.5821,4.9582123605963
YK Pathan,2922,2000,146.1,240,149,Aggressive,YK Pathan,1129,1421,1166,7.5518,51.62886167486589
SA Yadav,608,466,130.4721,54,21,Anchor,SA Yadav,6,8,6,8.0,6.78462483224182
CR Woakes,46,47,97.8723,4,1,Anchor,CR Woakes,264,393,278,8.9318,5.156101542654348
SP Narine,271,184,147.2826,36,12,Aggressive,SP Narine,1933,2085,1956,6.4718,35.699304809514096
Harbhajan Singh,799,561,142.4242,76,41,Aggressive,Harbhajan Singh,2922,3453,2989,7.0903,58.78408091468778
CJ Anderson,521,401,129.9252,40,30,Anchor,CJ Anderson,245,408,259,9.9918,10.060345129444139
F du Plessis,1295,1012,127.9644,110,38,Anchor,F du Plessis,6,16,6,16.0,14.337395280790632
RA Tripathi,391,267,146.4419,43,17,Aggressive,RA Tripathi,6,12,6,12.0,4.398960804097581
R Bhatia,342,284,120.4225,24,13,Anchor,R Bhatia,1638,2059,1661,7.5421,31.54510690473689
DL Chahar,14,6,233.3333,0,2,Aggressive,DL Chahar,72,117,77,9.75,1.4419700143563634
A Zampa,5,8,62.5,1,0,Anchor,A Zampa,221,281,225,7.629,3.8187698194464432
AB Dinda,26,48,54.1667,2,0,Anchor,AB Dinda,1530,2103,1589,8.2471,26.866636182566804
Imran Tahir,18,25,72.0,3,0,Anchor,Imran Tahir,717,1002,734,8.3849,12.476243146594681
V Shankar,101,75,134.6667,12,1,Anchor,V Shankar,6,19,6,19.0,1.2107462042734825
Rashid Khan,11,9,122.2222,0,1,Anchor,Rashid Khan,324,368,328,6.8148,5.607717155809943
B Kumar,158,157,100.6369,15,3,Anchor,B Kumar,1986,2410,2054,7.281,36.09634476222255
MP Stoinis,163,132,123.4848,14,4,Anchor,MP Stoinis,201,314,209,9.3731,5.288149041354506
MM Sharma,112,102,109.8039,8,4,Anchor,MM Sharma,1537,2088,1566,8.1509,27.427362657507313
VR Aaron,46,55,83.6364,2,2,Anchor,VR Aaron,850,1250,904,8.8235,15.627831218131096
V Kohli,4423,3405,129.8972,384,160,Anchor,V Kohli,257,371,264,8.6615,53.04196227563217
MJ McClenaghan,63,44,143.1818,2,6,Aggressive,MJ McClenaghan,934,1356,982,8.7109,17.119510765506945
Ankit Sharma,87,67,129.8507,7,4,Anchor,Ankit Sharma,361,442,369,7.3463,7.129097367568508
SN Thakur,7,9,77.7778,1,0,Anchor,SN Thakur,247,358,259,8.6964,4.409509597342116
RD Chahar,3,2,150.0,0,0,Aggressive,RD Chahar,42,59,46,8.4286,0.8024696534611075
LH Ferguson,1,1,100.0,0,0,Anchor,LH Ferguson,78,96,87,7.3846,1.4663300763014666
C de Grandhomme,126,92,136.9565,10,6,Anchor,C de Grandhomme,98,136,102,8.3265,3.091480547407336
Bipul Sharma,187,123,152.0325,11,9,Aggressive,Bipul Sharma,426,581,436,8.1831,9.349257891659626
KC Cariappa,15,18,83.3333,0,1,Anchor,KC Cariappa,206,315,211,9.1748,3.69451621645241
Sandeep Sharma,26,35,74.2857,1,0,Anchor,Sandeep Sharma,1232,1623,1273,7.9042,21.580587336798985
JD Unadkat,5,13,38.4615,0,0,Anchor,JD Unadkat,980,1328,995,8.1306,16.699331880336374
AF Milne,7,12,58.3333,0,0,Anchor,AF Milne,108,185,115,10.2778,2.0006772119289344
S Badree,13,23,56.5217,0,0,Anchor,S Badree,258,329,263,7.6512,4.542384668734053
AD Mathews,724,575,125.913,44,29,Anchor,AD Mathews,792,1095,807,8.2955,21.459040816032285
Mohammed Shami,46,45,102.2222,4,2,Anchor,Mohammed Shami,627,960,659,9.1866,11.52947056239339
Mohammad Nabi,2,3,66.6667,0,0,Anchor,Mohammad Nabi,66,59,66,5.3636,1.126035863543047
I Sharma,45,58,77.5862,3,1,Anchor,I Sharma,1652,2291,1713,8.3208,29.14979153995609
RA Jadeja,1732,1409,122.9241,125,57,Anchor,RA Jadeja,1927,2540,1962,7.9087,51.86167810261783
AJ Tye,53,30,176.6667,4,3,Aggressive,AJ Tye,126,146,128,6.9524,2.723858045315968
KS Williamson,411,318,129.2453,35,11,Anchor,KS Williamson,6,7,6,7.0,4.618837673050967
Shakib Al Hasan,500,384,130.2083,44,15,Anchor,Shakib Al Hasan,921,1123,947,7.316,21.338340258461617
JP Faulkner,527,390,135.1282,36,23,Anchor,JP Faulkner,1243,1849,1287,8.9252,27.322694941552033
MG Johnson,151,153,98.6928,8,7,Anchor,MG Johnson,1118,1522,1168,8.1682,21.198377486727207
K Rabada,55,64,85.9375,5,1,Anchor,K Rabada,130,198,137,9.1385,2.896397756299631
NM Coulter-Nile,52,50,104.0,3,4,Anchor,NM Coulter-Nile,570,739,586,7.7789,10.374289427696334
Kuldeep Yadav,20,22,90.9091,2,0,Anchor,Kuldeep Yadav,318,447,324,8.434,5.639749736133044
UT Yadav,94,90,104.4444,8,3,Anchor,UT Yadav,1955,2802,2033,8.5995,35.04145072536563
Washington Sundar,9,12,75.0,0,0,Anchor,Washington Sundar,180,189,182,6.3,3.1434410781484616
KV Sharma,317,274,115.6934,18,14,Anchor,KV Sharma,1034,1357,1046,7.8743,20.982539172509696
Anureet Singh,33,43,76.7442,2,1,Anchor,Anureet Singh,394,594,406,9.0457,7.154365920424142
IK Pathan,1150,950,121.0526,88,38,Anchor,IK Pathan,2044,2711,2113,7.9579,47.98918962022285
Ankit Soni,7,9,77.7778,0,1,Anchor,Ankit Soni,109,145,112,7.9817,1.950493203899493
JJ Bumrah,25,26,96.1538,1,1,Anchor,JJ Bumrah,1060,1433,1084,8.1113,18.408000987496518
SL Malinga,88,99,88.8889,6,5,Anchor,SL Malinga,2574,3034,2694,7.0723,46.03269743383317
PJ Sangwan,24,35,68.5714,1,0,Anchor,PJ Sangwan,796,1181,837,8.902,14.26519048295818
S Kaul,9,13,69.2308,0,0,Anchor,S Kaul,424,611,436,8.6462,7.39235375797449
LMP Simmons,1079,852,126.6432,109,44,Anchor,LMP Simmons,18,34,18,11.3333,12.163461128211827
MN Samuels,161,172,93.6047,9,7,Anchor,MN Samuels,214,285,219,7.9907,5.433441381223972
Swapnil Singh,12,20,60.0,0,0,Anchor,Swapnil Singh,60,90,61,9.0,1.152334284637338
R Tewatia,35,24,145.8333,4,1,Aggressive,R Tewatia,126,141,128,6.7143,2.5259688632579205
MM Patel,39,41,95.122,5,0,Anchor,MM Patel,1366,1733,1382,7.612,23.546859593355055
TA Boult,5,8,62.5,0,0,Anchor,TA Boult,335,500,355,8.9552,5.993410167388898
CJ Jordan,3,5,60.0,0,0,Anchor,CJ Jordan,176,276,188,9.4091,3.1778460335213286
PP Chawla,515,453,113.6865,49,15,Anchor,PP Chawla,2564,3315,2594,7.7574,49.05426831833992
AS Rajpoot,6,13,46.1538,1,0,Anchor,AS Rajpoot,175,251,184,8.6057,3.1439155531584144
SC Ganguly,1349,1263,106.8092,137,42,Anchor,SC Ganguly,277,370,280,8.0144,19.514535560320414
DJ Hussey,1322,1075,122.9767,90,60,Anchor,DJ Hussey,317,485,323,9.1798,19.937005902322
Mohammad Hafeez,64,83,77.1084,7,2,Anchor,Mohammad Hafeez,61,71,63,6.9836,1.7574701492691025
JH Kallis,2427,2222,109.2259,255,44,Anchor,JH Kallis,1751,2348,1799,8.0457,56.7757348624817
CL White,971,760,127.7632,76,38,Anchor,CL White,42,86,46,12.2857,11.444510110804996
B Akhil,76,55,138.1818,5,5,Anchor,B Akhil,189,246,193,7.8095,4.0640366185835894
AA Noffke,9,10,90.0,1,0,Anchor,AA Noffke,24,41,25,10.25,0.5171446579410345
SB Joshi,6,14,42.8571,0,0,Anchor,SB Joshi,55,82,55,8.9455,0.9860032078924394
JDP Oram,106,108,98.1481,6,5,Anchor,JDP Oram,238,362,244,9.1261,5.246980058514171
K Goel,218,231,94.3723,17,9,Anchor,K Goel,66,94,67,8.5455,3.5174340509160977
JR Hopes,417,306,136.2745,49,11,Anchor,JR Hopes,360,562,369,9.3667,10.757065705299379
D Salunkhe,33,24,137.5,5,0,Anchor,D Salunkhe,48,80,51,10.0,1.215924970273589
SK Warne,198,214,92.5234,14,6,Anchor,SK Warne,1194,1465,1223,7.3618,22.63512827597409
SK Trivedi,42,59,71.1864,3,1,Anchor,SK Trivedi,1515,1944,1557,7.699,26.50724159208214
V Sehwag,2728,1755,155.4416,334,106,Aggressive,V Sehwag,137,236,138,10.3358,32.299669294596164
ST Jayasuriya,768,532,144.3609,84,39,Aggressive,ST Jayasuriya,294,396,301,8.0816,13.478400573430635
DJ Thornely,39,53,73.5849,2,2,Anchor,DJ Thornely,42,40,44,5.7143,1.164792012224242
AM Nayar,672,577,116.4645,55,20,Anchor,AM Nayar,229,323,239,8.4629,11.385855436512596
SM Pollock,147,111,132.4324,12,8,Anchor,SM Pollock,276,307,280,6.6739,6.299935736221908
LRPL Taylor,1017,822,123.7226,66,46,Anchor,LRPL Taylor,12,24,13,12.0,11.398202821073928
AC Gilchrist,2069,1495,138.3946,239,92,Anchor,AC Gilchrist,1,0,1,0.0,22.76299009590427
Y Venugopal Rao,985,836,117.823,77,37,Anchor,Y Venugopal Rao,216,338,222,9.3889,14.54255239013292
A Symonds,974,750,129.8667,74,41,Anchor,A Symonds,528,694,540,7.8864,19.741124963329334
SB Styris,131,133,98.4962,10,3,Anchor,SB Styris,216,278,222,7.7222,5.153810085823334
SB Bangar,49,58,84.4828,1,3,Anchor,SB Bangar,150,221,153,8.84,3.0980827384373018
WPUJC Vaas,81,73,110.9589,2,3,Anchor,WPUJC Vaas,284,364,288,7.6901,5.708166090087577
RP Singh,52,76,68.4211,2,1,Anchor,RP Singh,1788,2417,1874,8.1107,31.919956875003127
LR Shukla,405,350,115.7143,33,16,Anchor,LR Shukla,316,458,326,8.6962,9.905835468838688
B Lee,124,97,127.8351,8,8,Anchor,B Lee,888,1126,916,7.6081,16.686087039167067
WA Mota,56,75,74.6667,2,0,Anchor,WA Mota,73,98,75,8.0548,1.8702554338055133
Shahid Afridi,81,46,176.087,7,6,Aggressive,Shahid Afridi,181,237,185,7.8564,3.985181814410093
DJ Bravo,1262,999,126.3263,102,48,Anchor,DJ Bravo,2022,2815,2110,8.3531,49.17031607833236
MA Khote,24,22,109.0909,2,1,Anchor,MA Khote,30,52,30,10.4,0.7656923230384762
A Nehra,41,62,66.129,3,1,Anchor,A Nehra,1917,2537,1974,7.9405,33.471824864726806
Pankaj Singh,7,12,58.3333,0,0,Anchor,Pankaj Singh,301,472,311,9.4086,5.2793657365190985
S Sreesanth,34,55,61.8182,6,0,Anchor,S Sreesanth,903,1221,947,8.113,16.21520921184772
VRV Singh,4,3,133.3333,1,0,Anchor,VRV Singh,364,549,371,9.0495,6.250064366764916
R Vinay Kumar,304,271,112.1771,20,9,Anchor,R Vinay Kumar,2114,2976,2161,8.4465,39.49134219196568
AB Agarkar,179,154,116.2338,13,5,Anchor,AB Agarkar,784,1174,820,8.9847,15.684860171846758
M Kartik,113,108,104.6296,7,1,Anchor,M Kartik,1154,1418,1182,7.3726,21.0148034731865
Shoaib Malik,52,47,110.6383,5,0,Anchor,Shoaib Malik,52,87,58,10.0385,1.5419040145146687
MF Maharoof,177,123,143.9024,12,9,Aggressive,MF Maharoof,425,532,441,7.5106,9.322959470565335
VY Mahesh,15,27,55.5556,0,0,Anchor,VY Mahesh,346,511,359,8.8613,6.170260612571513
B Chipli,280,251,111.5538,28,7,Anchor,B Chipli,6,20,6,20.0,3.178644181406288
DW Steyn,166,158,105.0633,14,3,Anchor,DW Steyn,2071,2375,2159,6.8807,37.940735790834346
DNT Zoysa,11,9,122.2222,1,0,Anchor,DNT Zoysa,68,100,69,8.8235,1.2751644626015122
D Kalyankrishna,3,8,37.5,0,0,Anchor,D Kalyankrishna,48,88,50,11.0,0.8693816641670293
Sohail Tanvir,36,29,124.1379,3,1,Anchor,Sohail Tanvir,248,275,265,6.6532,4.828699073383408
BJ Hodge,1400,1118,125.2236,122,43,Anchor,BJ Hodge,234,310,238,7.9487,19.37264546373937
Umar Gul,39,19,205.2632,1,5,Aggressive,Umar Gul,141,198,153,8.4255,2.988144303960609
S Vidyut,145,109,133.0275,21,3,Anchor,S Vidyut,12,22,13,11.0,1.8115713347062947
JA Morkel,975,687,141.9214,61,55,Aggressive,JA Morkel,1736,2409,1807,8.326,40.9464981978777
LPC Silva,40,26,153.8462,5,1,Aggressive,LPC Silva,6,21,6,21.0,0.5401217539656549
DB Ravi Teja,375,317,118.2965,35,9,Anchor,DB Ravi Teja,18,28,18,9.3333,4.423795341052637
RR Raje,20,18,111.1111,1,1,Anchor,RR Raje,140,214,144,9.1714,2.628709254366568
Mohammad Asif,3,6,50.0,0,0,Anchor,Mohammad Asif,193,307,199,9.544,3.3618540629626135
GD McGrath,4,5,80.0,1,0,Anchor,GD McGrath,325,366,329,6.7569,5.5474882543527375
Joginder Sharma,36,30,120.0,1,2,Anchor,Joginder Sharma,263,421,272,9.6046,4.945795092118772
MS Gony,99,71,139.4366,6,8,Anchor,MS Gony,893,1317,925,8.8488,16.561792977063657
M Muralitharan,20,30,66.6667,1,0,Anchor,M Muralitharan,1530,1765,1581,6.9216,26.666849100468944
M Ntini,11,18,61.1111,2,0,Anchor,M Ntini,212,257,213,7.2736,3.6839968480146936
A Kumble,35,47,74.4681,3,0,Anchor,A Kumble,970,1089,983,6.7361,16.828411151648684
CK Kapugedera,16,23,69.5652,0,0,Anchor,CK Kapugedera,17,49,17,17.2941,0.4602775406628762
PP Ojha,16,45,35.5556,0,0,Anchor,PP Ojha,1901,2399,1945,7.5718,32.71186670091714
SR Tendulkar,2334,1948,119.8152,296,29,Anchor,SR Tendulkar,36,59,37,9.8333,26.27856670588993
TM Dilshan,1153,1007,114.4985,140,24,Anchor,TM Dilshan,271,368,275,8.1476,17.276102231194827
AD Mascarenhas,79,78,101.2821,5,1,Anchor,AD Mascarenhas,308,365,310,7.1104,6.0541944620748085
PM Sarvesh Kumar,1,2,50.0,0,0,Anchor,PM Sarvesh Kumar,30,42,31,8.4,0.5295619264185626
DP Vijaykumar,1,1,100.0,0,0,Anchor,DP Vijaykumar,154,205,159,7.987,2.6707462690080574
Shoaib Akhtar,2,7,28.5714,0,0,Anchor,Shoaib Akhtar,42,54,46,7.7143,0.7914758100134383
Abdur Razzak,0,2,0.0,0,0,Anchor,Abdur Razzak,13,29,14,13.3846,0.234192037470726
SD Chitnis,99,89,111.236,10,2,Anchor,SD Chitnis,36,62,38,10.3333,1.7240546030255175
CRD Fernando,4,3,133.3333,0,0,Anchor,CRD Fernando,238,306,249,7.7143,4.2092480402343035
VS Yeligati,2,2,100.0,0,0,Anchor,VS Yeligati,30,61,32,12.2,0.5572837725427123
L Balaji,36,49,73.4694,2,1,Anchor,L Balaji,1516,2083,1574,8.2441,26.72565457689629
RR Powar,67,64,104.6875,6,1,Anchor,RR Powar,427,538,443,7.5597,8.147092696674672
JP Duminy,1993,1596,124.8747,123,78,Anchor,JP Duminy,660,811,683,7.3727,33.33595581924106
A Flintoff,62,53,116.9811,5,2,Anchor,A Flintoff,66,106,66,9.6364,1.7856664704032053
T Thushara,12,18,66.6667,0,0,Anchor,T Thushara,137,164,144,7.1825,2.540758506785213
JD Ryder,604,458,131.8777,69,19,Anchor,JD Ryder,236,314,241,7.9831,10.671730087424045
KP Pietersen,1001,743,134.7241,91,40,Anchor,KP Pietersen,174,218,180,7.5172,14.015877772883451
T Henderson,11,16,68.75,0,1,Anchor,T Henderson,36,41,36,6.8333,0.7231403742776578
Kamran Khan,3,5,60.0,0,0,Anchor,Kamran Khan,167,248,177,8.9102,2.993838004080044
RS Bopara,531,453,117.2185,39,16,Anchor,RS Bopara,206,301,213,8.767,9.400795440802732
FH Edwards,4,5,80.0,0,0,Anchor,FH Edwards,141,160,150,6.8085,2.5531757752627415
PC Valthaty,505,418,120.8134,61,20,Anchor,PC Valthaty,151,207,153,8.2252,8.111275350574505
AS Raut,194,167,116.1677,13,7,Anchor,AS Raut,30,45,30,9.0,2.634645709142258
M Manhas,514,470,109.3617,43,10,Anchor,M Manhas,42,42,42,6.0,6.353411644514201
BAW Mendis,3,6,50.0,0,0,Anchor,BAW Mendis,245,306,248,7.4939,4.1815261941101545
DL Vettori,121,113,107.0796,11,2,Anchor,DL Vettori,777,894,785,6.9035,14.461737158205121
RE van der Merwe,159,141,112.766,11,8,Anchor,RE van der Merwe,443,515,455,6.9752,9.359262325978014
TL Suman,676,575,117.5652,55,26,Anchor,TL Suman,152,198,152,7.8158,9.974494577449475
Shoaib Ahmed,1,6,16.6667,0,0,Anchor,Shoaib Ahmed,102,154,103,9.0588,1.7339781191251533
GR Napier,15,16,93.75,1,0,Anchor,GR Napier,24,28,24,7.0,0.5663797159505699
KP Appanna,2,4,50.0,0,0,Anchor,KP Appanna,216,291,222,8.0833,3.735604281073994
LA Carseldine,81,68,119.1176,11,0,Anchor,LA Carseldine,6,6,7,6.0,1.0075973379965768
SM Harwood,9,14,64.2857,0,0,Anchor,SM Harwood,60,74,67,7.4,1.2197207703532125
M Vijay,2511,2035,123.3907,237,89,Anchor,M Vijay,36,49,37,8.1667,28.2244769961274
SB Jakati,28,29,96.5517,3,0,Anchor,SB Jakati,1087,1474,1101,8.1362,18.725358563339693
RJ Harris,117,112,104.4643,6,3,Anchor,RJ Harris,833,1085,865,7.8151,15.756001998532879
D du Preez,10,13,76.9231,0,0,Anchor,D du Preez,43,56,43,7.814,0.8292425495653515
M Morkel,126,90,140.0,11,5,Anchor,M Morkel,1642,2136,1699,7.8051,29.80610082174658
J Botha,409,359,113.9276,39,5,Anchor,J Botha,694,818,709,7.072,16.35663586772137
C Nanda,0,1,0.0,0,0,Anchor,C Nanda,48,58,50,7.25,0.8364001338240215
Mashrafe Mortaza,2,2,100.0,0,0,Anchor,Mashrafe Mortaza,26,59,28,13.6154,0.4903717618367906
A Singh,2,10,20.0,0,0,Anchor,A Singh,474,639,486,8.0886,8.151796987664826
AB McDonald,123,100,123.0,9,4,Anchor,AB McDonald,186,263,188,8.4839,4.497107247241645
Y Nagar,285,259,110.0386,20,9,Anchor,Y Nagar,70,125,72,10.7143,4.337661575292342
R Ashwin,231,240,96.25,22,2,Anchor,R Ashwin,2292,2552,2359,6.6806,42.00093615022894
Jaskaran Singh,8,11,72.7273,0,0,Anchor,Jaskaran Singh,106,174,111,9.8491,1.944759044670682
R Sathish,270,231,116.8831,22,6,Anchor,R Sathish,139,233,144,10.0576,5.377170116283894
R McLaren,159,171,92.9825,14,1,Anchor,R McLaren,357,558,372,9.3782,7.970838103830139
AA Jhunjhunwala,217,210,103.3333,19,5,Anchor,AA Jhunjhunwala,85,130,88,9.1765,3.8577282636745167
A Uniyal,4,7,57.1429,0,0,Anchor,A Uniyal,36,67,38,11.1667,0.6796394754969335
YA Abdulla,0,1,0.0,0,0,Anchor,YA Abdulla,210,311,222,8.8857,3.713616594178655
JM Kemp,26,24,108.3333,1,1,Anchor,JM Kemp,44,58,47,7.9091,1.072056055433982
S Tyagi,3,4,75.0,0,0,Anchor,S Tyagi,212,304,220,8.6038,3.7131421191687024
RS Gavaskar,2,8,25.0,0,0,Anchor,RS Gavaskar,6,8,6,8.0,0.12235570295422118
SE Bond,1,2,50.0,0,0,Anchor,SE Bond,186,225,191,7.2581,3.2060423546554313
S Ladda,0,9,0.0,0,0,Anchor,S Ladda,139,225,141,9.7122,2.3586483773837403
DP Nannes,4,13,30.7692,0,0,Anchor,DP Nannes,650,815,689,7.5231,11.569569217885693
S Narwal,37,27,137.037,6,0,Anchor,S Narwal,106,203,113,11.4906,2.297036510006053
FY Fazal,183,173,105.7803,22,1,Anchor,FY Fazal,12,20,12,10.0,2.212609383041248
AC Voges,181,143,126.5734,15,3,Anchor,AC Voges,54,76,56,8.4444,2.9266538139110483
J Theron,10,12,83.3333,1,0,Anchor,J Theron,223,311,235,8.3677,4.041019063449594
SJ Srivastava,5,5,100.0,0,0,Anchor,SJ Srivastava,283,444,306,9.4134,5.173738036241358
R Sharma,66,75,88.0,5,3,Anchor,R Sharma,928,1100,935,7.1121,16.366276170055375
SW Tait,23,26,88.4615,1,1,Anchor,SW Tait,482,668,534,8.3154,9.185611828536944
KAJ Roach,10,9,111.1111,1,0,Anchor,KAJ Roach,49,80,52,9.7959,0.9797945736536753
PD Collingwood,203,156,130.1282,9,13,Anchor,PD Collingwood,89,101,90,6.809,3.7372704607601075
CK Langeveldt,8,9,88.8889,0,1,Anchor,CK Langeveldt,157,199,165,7.6051,2.848071189200625
VS Malik,7,7,100.0,1,0,Anchor,VS Malik,207,268,212,7.7681,3.623293471547536
A Mithun,34,26,130.7692,4,1,Anchor,A Mithun,297,477,312,9.6364,5.5929275122826505
AP Dole,34,22,154.5455,3,1,Aggressive,AP Dole,67,114,73,10.209,1.5949348726038277
AN Ahmed,36,26,138.4615,4,1,Anchor,AN Ahmed,349,515,362,8.8539,6.451315333002009
DE Bollinger,21,23,91.3043,1,1,Anchor,DE Bollinger,578,716,600,7.4325,10.267672318289312
S Sriram,31,36,86.1111,3,0,Anchor,S Sriram,18,49,18,16.3333,0.6419131950543961
MR Marsh,225,196,114.7959,9,14,Anchor,MR Marsh,317,420,327,7.9495,7.943671650934693
Harmeet Singh,18,12,150.0,3,0,Aggressive,Harmeet Singh,529,713,549,8.087,9.381562651445803
RV Gomez,50,51,98.0392,5,1,Anchor,RV Gomez,96,130,97,8.125,2.1723084320020667
AUK Pathan,39,23,169.5652,5,2,Aggressive,AUK Pathan,39,63,41,9.6923,1.1146080041948006
NJ Rimmington,1,1,100.0,0,0,Anchor,NJ Rimmington,18,20,18,6.6667,0.312097891624317
AL Menaria,401,356,112.6404,24,18,Anchor,AL Menaria,110,144,113,7.8545,6.298795524957679
WD Parnell,63,75,84.0,4,1,Anchor,WD Parnell,577,731,601,7.6014,10.746141745767904
JJ van der Wath,18,16,112.5,1,1,Anchor,JJ van der Wath,74,134,76,10.8649,1.4692173854705601
R Ninan,3,6,50.0,0,0,Anchor,R Ninan,36,65,36,10.8333,0.6351896266963033
SB Wagh,2,3,66.6667,0,0,Anchor,SB Wagh,102,147,108,8.6471,1.8286119759552248
AC Thomas,20,19,105.2632,1,1,Anchor,AC Thomas,317,416,327,7.8738,5.689933744162485
JEC Franklin,327,301,108.6379,25,9,Anchor,JEC Franklin,153,225,155,8.8235,6.18782722224233
S Randiv,2,4,50.0,0,0,Anchor,S Randiv,174,223,180,7.6897,3.0330281686618155
NLTC Perera,424,309,137.2168,23,26,Anchor,NLTC Perera,701,1031,715,8.8245,16.62191153549529
NL McCullum,26,22,118.1818,0,1,Anchor,NL McCullum,30,35,30,7.0,0.7876800099338148
JE Taylor,3,3,100.0,0,0,Anchor,JE Taylor,118,167,122,8.4915,2.0737978568736204
J Syed Mohammad,29,26,111.5385,4,0,Anchor,J Syed Mohammad,192,286,196,8.9375,3.5975099845725738
RN ten Doeschate,326,235,138.7234,26,15,Anchor,RN ten Doeschate,78,94,83,7.2308,4.972417186088069
AG Murtaza,10,14,71.4286,1,0,Anchor,AG Murtaza,264,322,269,7.3182,4.609771154449929
I Malhotra,7,4,175.0,1,0,Aggressive,I Malhotra,6,23,6,23.0,0.1773249201925677
L Ablish,0,2,0.0,0,0,Anchor,L Ablish,42,76,45,10.8571,0.7527601204416192
P Parameswaran,1,2,50.0,0,0,Anchor,P Parameswaran,155,226,159,8.7484,2.6707462690080574
AA Chavan,12,11,109.0909,2,0,Anchor,AA Chavan,248,339,255,8.2016,4.397566803874541
ND Doshi,0,13,0.0,0,0,Anchor,ND Doshi,56,79,57,8.4643,0.9534961525593845
Y Gnaneswara Rao,19,17,111.7647,3,0,Anchor,Y Gnaneswara Rao,6,7,6,7.0,0.30925104156459937
S Rana,91,81,112.3457,9,1,Anchor,S Rana,16,18,16,6.75,1.2680877965615938
BA Bhatt,6,7,85.7143,0,1,Anchor,BA Bhatt,297,408,303,8.2424,5.134547871659586
KK Cooper,116,68,170.5882,9,8,Aggressive,KK Cooper,577,789,600,8.2045,11.312087445817896
HV Patel,47,34,138.2353,2,3,Anchor,HV Patel,684,999,707,8.7632,12.343408534312122
DAJ Bracewell,12,9,133.3333,1,0,Anchor,DAJ Bracewell,24,32,25,8.0,0.5501261882840424
DJ Harris,111,101,109.901,11,5,Anchor,DJ Harris,18,26,18,8.6667,1.5214206708679407
GB Hogg,22,22,100.0,1,0,Anchor,GB Hogg,459,585,466,7.6471,8.037113803088605
RR Bhatkal,0,2,0.0,0,0,Anchor,RR Bhatkal,12,35,12,17.5,0.20073603211776514
CJ McKay,8,15,53.3333,0,0,Anchor,CJ McKay,42,60,42,8.5714,0.7905268599935324
Azhar Mahmood,388,303,128.0528,39,13,Anchor,Azhar Mahmood,542,707,552,7.8266,13.499468735112888
RJ Peterson,32,30,106.6667,3,1,Anchor,RJ Peterson,48,70,48,8.75,1.1547471187964784
KMDN Kulasekara,5,3,166.6667,1,0,Aggressive,KMDN Kulasekara,102,122,107,7.1765,1.8448655036217523
A Ashish Reddy,280,193,145.0777,16,15,Aggressive,A Ashish Reddy,264,400,270,9.0909,7.594836887997122
V Pratap Singh,0,1,0.0,0,0,Anchor,V Pratap Singh,204,300,211,8.8235,3.5296085647373703
MJ Clarke,98,94,104.2553,12,0,Anchor,MJ Clarke,66,72,66,6.5455,2.1814448345193003
Gurkeerat Singh,342,272,125.7353,36,9,Anchor,Gurkeerat Singh,78,97,82,7.4615,5.131590678574297
K Upadhyay,12,9,133.3333,0,1,Anchor,K Upadhyay,54,81,56,9.0,1.0686942712549357
P Awana,5,14,35.7143,0,0,Anchor,P Awana,751,1046,774,8.3569,13.002443288834199
AD Russell,574,331,173.4139,48,37,Aggressive,AD Russell,634,917,651,8.6782,17.20039588135094
A Chandila,4,7,57.1429,0,0,Anchor,A Chandila,234,245,234,6.2821,3.9583280000870977
Sunny Gupta,0,1,0.0,0,0,Anchor,Sunny Gupta,18,47,19,15.6667,0.31783205085312816
GH Vihari,280,313,89.4569,23,1,Anchor,GH Vihari,36,39,37,6.5,3.697212264377181
R Shukla,19,23,82.6087,2,0,Anchor,R Shukla,123,217,130,10.5854,2.3835233734481727
B Laughlin,4,9,44.4444,0,0,Anchor,B Laughlin,42,72,45,10.2857,0.7967354942322964
BMAJ Mendis,23,27,85.1852,0,0,Anchor,BMAJ Mendis,30,36,30,7.2,0.7546984795908069
R Rampaul,51,50,102.0,3,2,Anchor,R Rampaul,270,319,278,7.0889,5.211070759892694
SMSM Senanayake,10,17,58.8235,0,0,Anchor,SMSM Senanayake,192,211,195,6.5937,3.3718989563903765
BJ Rohrer,193,141,136.8794,21,5,Anchor,BJ Rohrer,6,12,7,12.0,2.2389078041355392
R Dhawan,153,135,113.3333,13,4,Anchor,R Dhawan,491,655,513,8.0041,10.263523420527864
LJ Wright,106,60,176.6667,16,3,Aggressive,LJ Wright,71,125,75,10.5634,2.4199476061889786
IC Pandey,0,2,0.0,0,0,Anchor,IC Pandey,464,609,469,7.875,7.845433255269321
DJG Sammy,295,241,122.4066,15,18,Anchor,DJG Sammy,238,354,244,8.9244,7.32481647012367
KW Richardson,36,39,92.3077,2,1,Anchor,KW Richardson,317,450,326,8.5174,5.849107236648715
Parvez Rasool,17,20,85.0,1,0,Anchor,Parvez Rasool,198,273,200,8.2727,3.532495873906464
PV Tambe,18,39,46.1538,1,0,Anchor,PV Tambe,660,866,674,7.8727,11.472562986005855
JDS Neesham,42,46,91.3043,3,1,Anchor,JDS Neesham,54,96,57,10.6667,1.4152375773614954
MA Starc,96,98,97.9592,10,0,Anchor,MA Starc,583,725,612,7.4614,11.292946608982277
Shivam Sharma,5,3,166.6667,1,0,Aggressive,Shivam Sharma,114,165,114,8.6842,1.9619615223571154
BE Hendricks,1,3,33.3333,0,0,Anchor,BE Hendricks,151,239,157,9.4967,2.637290263655097
S Gopal,14,27,51.8519,1,0,Anchor,S Gopal,115,155,116,8.087,2.0943621187391
M de Lange,1,2,50.0,0,0,Anchor,M de Lange,110,171,116,9.3273,1.9514421539193991
JO Holder,38,31,122.5806,4,2,Anchor,JO Holder,219,313,228,8.5753,4.231750661248972
Karanveer Singh,12,17,70.5882,1,0,Anchor,Karanveer Singh,204,323,213,9.5,3.6949906914623627
SA Abbott,15,13,115.3846,1,1,Anchor,SA Abbott,30,57,32,11.4,0.7002037373624133
J Suchith,48,32,150.0,4,2,Aggressive,J Suchith,246,369,253,9.0,4.759889162637675
RG More,2,2,100.0,0,0,Anchor,RG More,35,63,37,10.8,0.6409237859251145
D Wiese,127,90,141.1111,12,4,Aggressive,D Wiese,279,409,289,8.7957,6.230610891356845
DJ Muthuswami,1,3,33.3333,0,0,Anchor,DJ Muthuswami,84,108,84,7.7143,1.4161460682720253
C Munro,30,30,100.0,3,0,Anchor,C Munro,12,15,12,7.5,0.5305513355478443
P Sahu,19,13,146.1538,1,1,Aggressive,P Sahu,105,152,107,8.6857,1.9987793118891226
KJ Abbott,13,8,162.5,0,1,Aggressive,KJ Abbott,97,182,102,11.2577,1.8491762378207048
M Ashwin,0,1,0.0,0,0,Anchor,M Ashwin,171,245,176,8.5965,2.9441284710605555
J Yadav,6,10,60.0,0,0,Anchor,J Yadav,181,197,183,6.5304,3.127187550481934
BB Sran,4,4,100.0,0,0,Anchor,BB Sran,328,485,345,8.872,5.815136297176425
S Kaushik,0,1,0.0,0,0,Anchor,S Kaushik,205,304,210,8.8976,3.51288056206089
